{
  "row": {
    "input_mean": [
      3.9568178594739933e-11
    ],
    "input_std": [
      6.513291989085346e-11
    ],
    "target_mean": [
      5.983862710889909e-11
    ],
    "target_std": [
      1.7211300440411748e-10
    ]
  },
  "column": {
    "input_mean": [
      3.240274368265794e-12
    ],
    "input_std": [
      6.0777619916019265e-12
    ],
    "target_mean": [
      8.511208231254397e-12
    ],
    "target_std": [
      2.169991963896223e-11
    ]
  }
}