{
  "row": {
    "input_mean": [
      1.5932885566449784e-10
    ],
    "input_std": [
      2.4643129203916203e-10
    ],
    "target_mean": [
      6.017988191109325e-11
    ],
    "target_std": [
      1.720711351183013e-10
    ]
  },
  "column": {
    "input_mean": [
      1.2450637743022241e-11
    ],
    "input_std": [
      2.3358698655884247e-11
    ],
    "target_mean": [
      8.566701167889157e-12
    ],
    "target_std": [
      2.162809688288636e-11
    ]
  },
  "refinement": {
    "observation_mean": [
      -3.051618135160687e-14,
      9.708943210214125e-15
    ],
    "observation_std": [
      8.202637354071118e-12,
      8.185585889664004e-12
    ],
    "channel_mean": [
      -4.4210252054205726e-16,
      4.393223201811522e-15
    ],
    "channel_std": [
      3.957056470688114e-12,
      3.9582807517812846e-12
    ]
  }
}