{
  "pilot_length": 24,
  "device": "mps",
  "best_epoch": 43,
  "best_row_epoch": 1,
  "best_column_epoch": 35,
  "best_refinement_epoch": 43,
  "row_epochs_completed": 9,
  "column_epochs_completed": 43,
  "refinement_epochs_completed": 51,
  "config": {
    "experiment_name": "support_cnn_baseline",
    "data_root": "data/dataset_large",
    "output_root": "data/runs",
    "pilot_lengths": [
      8,
      12,
      16,
      24,
      32
    ],
    "device": "auto",
    "batch_size": 128,
    "num_workers": 0,
    "epochs": 60,
    "seed": 2026,
    "optimizer": {
      "lr": 0.001,
      "weight_decay": 0.0001
    },
    "early_stopping": {
      "patience": 8,
      "min_delta": 0.0
    },
    "model": {
      "conv_channels": [
        32,
        64,
        64
      ],
      "hidden_dim": 256,
      "dropout": 0.1
    },
    "plot_examples": 3
  },
  "angular_metadata": {
    "bs_rows": 4,
    "bs_cols": 4,
    "ris_rows": 4,
    "ris_cols": 8,
    "row_support_count": 3,
    "col_support_count": 2
  },
  "dataset": {
    "bs_antennas": 16,
    "ris_elements": 32,
    "train_samples": 8000,
    "val_samples": 1000,
    "test_samples": 1000
  },
  "validation": {
    "cnn": {
      "count": 1000,
      "mse_mean": 2.8300877216009135e-23,
      "mse_std": 6.383798521986433e-23,
      "nmse_mean": 0.2575629164201961,
      "nmse_std": 0.12539331038667878,
      "nmse_db_mean": -6.4200238906144405,
      "nmse_db_std": 2.2177603642603927,
      "per_snr": {
        "0": {
          "count": 200,
          "mse_mean": 3.3313032415571394e-23,
          "nmse_mean": 0.3013869079769712,
          "nmse_db_mean": -5.662713298059616
        },
        "5": {
          "count": 200,
          "mse_mean": 3.244602541623017e-23,
          "nmse_mean": 0.26148030499071423,
          "nmse_db_mean": -6.2768913990650494
        },
        "10": {
          "count": 200,
          "mse_mean": 2.728548649580912e-23,
          "nmse_mean": 0.2472848586064164,
          "nmse_db_mean": -6.630018815862602
        },
        "15": {
          "count": 200,
          "mse_mean": 2.0895043451568227e-23,
          "nmse_mean": 0.2349685212962479,
          "nmse_db_mean": -6.8357662473490235
        },
        "20": {
          "count": 200,
          "mse_mean": 2.756479830086676e-23,
          "nmse_mean": 0.2426939892306305,
          "nmse_db_mean": -6.694729692735912
        }
      }
    },
    "ls": {
      "count": 1000,
      "mse_mean": 4.626804321252572e-21,
      "mse_std": 1.4831756599699355e-20,
      "nmse_mean": 29.783116268407948,
      "nmse_std": 23.46491840678856,
      "nmse_db_mean": 13.811392698014808,
      "nmse_db_std": 2.6757843030447677,
      "per_snr": {
        "0": {
          "count": 200,
          "mse_mean": 5.739023275862202e-21,
          "nmse_mean": 44.942228721715374,
          "nmse_db_mean": 15.78507056495767
        },
        "5": {
          "count": 200,
          "mse_mean": 5.787600188718898e-21,
          "nmse_mean": 29.00089317841811,
          "nmse_db_mean": 13.895273241083405
        },
        "10": {
          "count": 200,
          "mse_mean": 4.5444797859019014e-21,
          "nmse_mean": 27.145083302030187,
          "nmse_db_mean": 13.409374482927417
        },
        "15": {
          "count": 200,
          "mse_mean": 3.2179060372425755e-21,
          "nmse_mean": 23.758443248750964,
          "nmse_db_mean": 13.015435652672464
        },
        "20": {
          "count": 200,
          "mse_mean": 3.84501231853728e-21,
          "nmse_mean": 24.068932891125105,
          "nmse_db_mean": 12.951809548433085
        }
      }
    }
  },
  "test": {
    "cnn": {
      "count": 1000,
      "mse_mean": 2.762878928706401e-23,
      "mse_std": 5.940136484795159e-23,
      "nmse_mean": 0.2672685915852657,
      "nmse_std": 0.12928303013394585,
      "nmse_db_mean": -6.232634321897493,
      "nmse_db_std": 2.154692461490317,
      "per_snr": {
        "0": {
          "count": 200,
          "mse_mean": 3.758097015647006e-23,
          "nmse_mean": 0.318177454430176,
          "nmse_db_mean": -5.371626590104422
        },
        "5": {
          "count": 200,
          "mse_mean": 2.4852653134929134e-23,
          "nmse_mean": 0.27709702187206003,
          "nmse_db_mean": -6.1091256930471785
        },
        "10": {
          "count": 200,
          "mse_mean": 2.6687333236934524e-23,
          "nmse_mean": 0.2469985802173082,
          "nmse_db_mean": -6.541230502209117
        },
        "15": {
          "count": 200,
          "mse_mean": 2.4790892145202323e-23,
          "nmse_mean": 0.2461897614394853,
          "nmse_db_mean": -6.564533673357405
        },
        "20": {
          "count": 200,
          "mse_mean": 2.4232097761784007e-23,
          "nmse_mean": 0.24788013996729924,
          "nmse_db_mean": -6.576655150769341
        }
      }
    },
    "ls": {
      "count": 1000,
      "mse_mean": 5.230819338281451e-21,
      "mse_std": 1.67919860918871e-20,
      "nmse_mean": 29.442677701830306,
      "nmse_std": 26.547035527321256,
      "nmse_db_mean": 13.615144104025712,
      "nmse_db_std": 2.79974150294937,
      "per_snr": {
        "0": {
          "count": 200,
          "mse_mean": 1.0532414038144256e-20,
          "nmse_mean": 51.60596291956657,
          "nmse_db_mean": 16.131073605154757
        },
        "5": {
          "count": 200,
          "mse_mean": 3.492958765591522e-21,
          "nmse_mean": 28.41599005462397,
          "nmse_db_mean": 13.863560899032258
        },
        "10": {
          "count": 200,
          "mse_mean": 4.156496005252447e-21,
          "nmse_mean": 22.896016030424708,
          "nmse_db_mean": 12.90945723461347
        },
        "15": {
          "count": 200,
          "mse_mean": 3.818530875334982e-21,
          "nmse_mean": 20.33775754491472,
          "nmse_db_mean": 12.350092537618144
        },
        "20": {
          "count": 200,
          "mse_mean": 4.1536970070840475e-21,
          "nmse_mean": 23.957661959621575,
          "nmse_db_mean": 12.821536243709932
        }
      }
    }
  }
}