{
  "row": {
    "input_mean": [
      9.903097786256865e-11
    ],
    "input_std": [
      1.9698813413793204e-10
    ],
    "target_mean": [
      5.977650319177741e-11
    ],
    "target_std": [
      1.7355496206850063e-10
    ]
  },
  "column": {
    "input_mean": [
      8.017126025550159e-12
    ],
    "input_std": [
      1.7909961708140187e-11
    ],
    "target_mean": [
      8.51034433896336e-12
    ],
    "target_std": [
      2.1727616233979674e-11
    ]
  },
  "refinement": {
    "observation_mean": [
      2.6052785281763594e-15,
      -1.2498132920030127e-14
    ],
    "observation_std": [
      7.032245012000837e-12,
      7.077450604742186e-12
    ],
    "channel_mean": [
      2.8064618233412605e-16,
      -4.8388565527244295e-15
    ],
    "channel_std": [
      4.64477414863218e-12,
      4.647346309866185e-12
    ]
  }
}