{
  "pilot_length": 16,
  "device": "mps",
  "best_epoch": 31,
  "epochs_completed": 39,
  "config": {
    "experiment_name": "cnn_baseline",
    "data_root": "data/ris_mmwave_v1",
    "output_root": "data/runs",
    "pilot_lengths": [
      8,
      12,
      16,
      24,
      32
    ],
    "device": "auto",
    "batch_size": 128,
    "num_workers": 0,
    "epochs": 60,
    "seed": 2026,
    "optimizer": {
      "lr": 0.001,
      "weight_decay": 0.0001
    },
    "early_stopping": {
      "patience": 8,
      "min_delta": 0.0
    },
    "model": {
      "conv_channels": [
        32,
        64,
        64
      ],
      "hidden_dim": 256,
      "dropout": 0.1
    },
    "plot_examples": 3
  },
  "dataset": {
    "bs_antennas": 16,
    "ris_elements": 32,
    "train_samples": 8000,
    "val_samples": 1000,
    "test_samples": 1000
  },
  "validation": {
    "cnn": {
      "count": 1000,
      "mse_mean": 1.4763215408385332e-23,
      "mse_std": 4.918082230358743e-23,
      "nmse_mean": 0.15444807459178297,
      "nmse_std": 0.1120252917305844,
      "nmse_db_mean": -9.103354302799525,
      "nmse_db_std": 2.9599643872197987,
      "per_snr": {
        "0": {
          "count": 200,
          "mse_mean": 2.0381465247225946e-23,
          "nmse_mean": 0.20552692409944381,
          "nmse_db_mean": -7.438459638437978
        },
        "5": {
          "count": 200,
          "mse_mean": 1.1798591952838605e-23,
          "nmse_mean": 0.14482951286732715,
          "nmse_db_mean": -9.185867714846042
        },
        "10": {
          "count": 200,
          "mse_mean": 1.3542374719064244e-23,
          "nmse_mean": 0.12490200218209627,
          "nmse_db_mean": -9.956088824002217
        },
        "15": {
          "count": 200,
          "mse_mean": 1.654590785921544e-23,
          "nmse_mean": 0.1490875265760007,
          "nmse_db_mean": -9.335907263089448
        },
        "20": {
          "count": 200,
          "mse_mean": 1.1547737263582423e-23,
          "nmse_mean": 0.147894407234047,
          "nmse_db_mean": -9.600448073621942
        }
      }
    },
    "ls": {
      "count": 1000,
      "mse_mean": 1.1887287615769907e-20,
      "mse_std": 2.880945896514891e-20,
      "nmse_mean": 114.17332790379058,
      "nmse_std": 72.83334300804395,
      "nmse_db_mean": 19.769815729749162,
      "nmse_db_std": 2.6438129221372715,
      "per_snr": {
        "0": {
          "count": 200,
          "mse_mean": 1.7457008376718732e-20,
          "nmse_mean": 168.3533311942282,
          "nmse_db_mean": 21.664258472217924
        },
        "5": {
          "count": 200,
          "mse_mean": 1.0445886169349777e-20,
          "nmse_mean": 116.93057096666364,
          "nmse_db_mean": 20.0101445998893
        },
        "10": {
          "count": 200,
          "mse_mean": 1.2769083009662157e-20,
          "nmse_mean": 100.21902323524527,
          "nmse_db_mean": 19.35614474716476
        },
        "15": {
          "count": 200,
          "mse_mean": 8.570156809024887e-21,
          "nmse_mean": 89.890429591586,
          "nmse_db_mean": 18.813048044030534
        },
        "20": {
          "count": 200,
          "mse_mean": 1.0194303714093987e-20,
          "nmse_mean": 95.47328453122984,
          "nmse_db_mean": 19.00548278544329
        }
      }
    }
  },
  "test": {
    "cnn": {
      "count": 1000,
      "mse_mean": 1.1952504716868109e-23,
      "mse_std": 3.8801735407139726e-23,
      "nmse_mean": 0.149691194757481,
      "nmse_std": 0.10273934857678668,
      "nmse_db_mean": -9.193372740746979,
      "nmse_db_std": 2.870079951802594,
      "per_snr": {
        "0": {
          "count": 200,
          "mse_mean": 1.7645388922630118e-23,
          "nmse_mean": 0.2015204065888786,
          "nmse_db_mean": -7.557784278600195
        },
        "5": {
          "count": 200,
          "mse_mean": 1.5738997424278274e-23,
          "nmse_mean": 0.15342983461279372,
          "nmse_db_mean": -8.951049865820695
        },
        "10": {
          "count": 200,
          "mse_mean": 9.597296112280843e-24,
          "nmse_mean": 0.1253176719124812,
          "nmse_db_mean": -9.89165102301706
        },
        "15": {
          "count": 200,
          "mse_mean": 7.314709761792593e-24,
          "nmse_mean": 0.1293816430340231,
          "nmse_db_mean": -9.88154110338287
        },
        "20": {
          "count": 200,
          "mse_mean": 9.466131363358716e-24,
          "nmse_mean": 0.13880641763922838,
          "nmse_db_mean": -9.684837432914064
        }
      }
    },
    "ls": {
      "count": 1000,
      "mse_mean": 1.0223937326440305e-20,
      "mse_std": 3.0136169505569345e-20,
      "nmse_mean": 114.61855571828113,
      "nmse_std": 74.76918202209974,
      "nmse_db_mean": 19.764683929913545,
      "nmse_db_std": 2.677625752809182,
      "per_snr": {
        "0": {
          "count": 200,
          "mse_mean": 1.3695366205839426e-20,
          "nmse_mean": 173.66359037771537,
          "nmse_db_mean": 21.778103281134005
        },
        "5": {
          "count": 200,
          "mse_mean": 1.298958438932675e-20,
          "nmse_mean": 116.37656974614383,
          "nmse_db_mean": 19.962500141985434
        },
        "10": {
          "count": 200,
          "mse_mean": 1.0085775808554282e-20,
          "nmse_mean": 97.5991141835321,
          "nmse_db_mean": 19.2959615864471
        },
        "15": {
          "count": 200,
          "mse_mean": 5.647392683031628e-21,
          "nmse_mean": 93.08948232148265,
          "nmse_db_mean": 18.938555478778788
        },
        "20": {
          "count": 200,
          "mse_mean": 8.701567545449436e-21,
          "nmse_mean": 92.36402196253177,
          "nmse_db_mean": 18.8482991612224
        }
      }
    }
  }
}