{
  "observation_mean": [
    -3.170174329820909e-15,
    1.843969126832457e-15
  ],
  "observation_std": [
    4.461002314076756e-12,
    4.477057179846922e-12
  ],
  "channel_mean": [
    -4.153602610291405e-16,
    -6.153466933456154e-15
  ],
  "channel_std": [
    7.20683322047444e-12,
    7.205615444594304e-12
  ]
}