{
  "observation_mean": [
    2.6052785281763594e-15,
    -1.2498132920030127e-14
  ],
  "observation_std": [
    7.032245012000837e-12,
    7.077450604742186e-12
  ],
  "channel_mean": [
    2.8064620880390565e-16,
    -4.8388565527244295e-15
  ],
  "channel_std": [
    7.30512091789981e-12,
    7.307302332670851e-12
  ]
}