{
  "pilot_length": 8,
  "device": "mps",
  "best_epoch": 43,
  "epochs_completed": 51,
  "config": {
    "experiment_name": "cnn_baseline",
    "data_root": "data/ris_mmwave_v1",
    "output_root": "data/runs",
    "pilot_lengths": [
      8,
      12,
      16,
      24,
      32
    ],
    "device": "auto",
    "batch_size": 128,
    "num_workers": 0,
    "epochs": 60,
    "seed": 2026,
    "optimizer": {
      "lr": 0.001,
      "weight_decay": 0.0001
    },
    "early_stopping": {
      "patience": 8,
      "min_delta": 0.0
    },
    "model": {
      "conv_channels": [
        32,
        64,
        64
      ],
      "hidden_dim": 256,
      "dropout": 0.1
    },
    "plot_examples": 3
  },
  "dataset": {
    "bs_antennas": 16,
    "ris_elements": 32,
    "train_samples": 8000,
    "val_samples": 1000,
    "test_samples": 1000
  },
  "validation": {
    "cnn": {
      "count": 1000,
      "mse_mean": 1.2753027481708579e-23,
      "mse_std": 3.2554062728804306e-23,
      "nmse_mean": 0.1568359335932463,
      "nmse_std": 0.1532349689261166,
      "nmse_db_mean": -9.029810021069745,
      "nmse_db_std": 2.830170239655451,
      "per_snr": {
        "0": {
          "count": 200,
          "mse_mean": 2.0353324137474073e-23,
          "nmse_mean": 0.22999763277786542,
          "nmse_db_mean": -6.9950090489540715
        },
        "5": {
          "count": 200,
          "mse_mean": 1.388232964363071e-23,
          "nmse_mean": 0.15852272089421734,
          "nmse_db_mean": -8.675987471658175
        },
        "10": {
          "count": 200,
          "mse_mean": 1.0348310895479331e-23,
          "nmse_mean": 0.1454033301358083,
          "nmse_db_mean": -9.681655956433968
        },
        "15": {
          "count": 200,
          "mse_mean": 9.433869800394154e-24,
          "nmse_mean": 0.12821653429523752,
          "nmse_db_mean": -9.763870506705212
        },
        "20": {
          "count": 200,
          "mse_mean": 9.747302931564628e-24,
          "nmse_mean": 0.12203944986310296,
          "nmse_db_mean": -10.0325271215973
        }
      }
    },
    "ls": {
      "count": 1000,
      "mse_mean": 1.2035599495581427e-20,
      "mse_std": 3.341904927670788e-20,
      "nmse_mean": 126.49478347099004,
      "nmse_std": 80.72076854072911,
      "nmse_db_mean": 20.274690917874942,
      "nmse_db_std": 2.541312965257523,
      "per_snr": {
        "0": {
          "count": 200,
          "mse_mean": 1.753670258460624e-20,
          "nmse_mean": 203.76776347228773,
          "nmse_db_mean": 22.5262300338519
        },
        "5": {
          "count": 200,
          "mse_mean": 1.1340290113237617e-20,
          "nmse_mean": 124.05131451966952,
          "nmse_db_mean": 20.40351236432031
        },
        "10": {
          "count": 200,
          "mse_mean": 1.0532067770326012e-20,
          "nmse_mean": 106.35097897681975,
          "nmse_db_mean": 19.608857962812323
        },
        "15": {
          "count": 200,
          "mse_mean": 9.818060749154634e-21,
          "nmse_mean": 101.12108910429448,
          "nmse_db_mean": 19.506883368176123
        },
        "20": {
          "count": 200,
          "mse_mean": 1.0950876260582632e-20,
          "nmse_mean": 97.18277128187873,
          "nmse_db_mean": 19.327970860214048
        }
      }
    }
  },
  "test": {
    "cnn": {
      "count": 1000,
      "mse_mean": 1.3337551077416166e-23,
      "mse_std": 3.4318512971172715e-23,
      "nmse_mean": 0.15338164899112877,
      "nmse_std": 0.13024378430978117,
      "nmse_db_mean": -9.153029422934772,
      "nmse_db_std": 2.876191213019634,
      "per_snr": {
        "0": {
          "count": 200,
          "mse_mean": 2.202752302406431e-23,
          "nmse_mean": 0.24306105075014578,
          "nmse_db_mean": -6.808736635492262
        },
        "5": {
          "count": 200,
          "mse_mean": 1.2553448158607632e-23,
          "nmse_mean": 0.1456715059394821,
          "nmse_db_mean": -9.103145988286885
        },
        "10": {
          "count": 200,
          "mse_mean": 1.2776381566652398e-23,
          "nmse_mean": 0.135670883812267,
          "nmse_db_mean": -9.667062078072524
        },
        "15": {
          "count": 200,
          "mse_mean": 1.1579760387455444e-23,
          "nmse_mean": 0.11826646603416073,
          "nmse_db_mean": -10.198826646084514
        },
        "20": {
          "count": 200,
          "mse_mean": 7.75064225030104e-24,
          "nmse_mean": 0.12423833841958822,
          "nmse_db_mean": -9.987375766737664
        }
      }
    },
    "ls": {
      "count": 1000,
      "mse_mean": 1.132485141749183e-20,
      "mse_std": 2.4991322704761368e-20,
      "nmse_mean": 125.78740847095122,
      "nmse_std": 78.7181576425189,
      "nmse_db_mean": 20.2810142209108,
      "nmse_db_std": 2.4719399750118454,
      "per_snr": {
        "0": {
          "count": 200,
          "mse_mean": 1.6558521376523992e-20,
          "nmse_mean": 204.59321384925104,
          "nmse_db_mean": 22.52642467832256
        },
        "5": {
          "count": 200,
          "mse_mean": 9.662334368025183e-21,
          "nmse_mean": 125.04126040200535,
          "nmse_db_mean": 20.45206102735269
        },
        "10": {
          "count": 200,
          "mse_mean": 1.1287026520974247e-20,
          "nmse_mean": 105.73261596635841,
          "nmse_db_mean": 19.714446955357218
        },
        "15": {
          "count": 200,
          "mse_mean": 1.220615318095356e-20,
          "nmse_mean": 95.36169017102974,
          "nmse_db_mean": 19.326706916238603
        },
        "20": {
          "count": 200,
          "mse_mean": 6.91022164098216e-21,
          "nmse_mean": 98.20826196611155,
          "nmse_db_mean": 19.385431527282936
        }
      }
    }
  }
}