{
  "observation_mean": [
    -3.0579579226610015e-15,
    2.1135159323625724e-14
  ],
  "observation_std": [
    4.814803503810916e-12,
    4.77099392978686e-12
  ],
  "channel_mean": [
    -3.2470576046190504e-15,
    6.589290372290436e-15
  ],
  "channel_std": [
    7.299662610482649e-12,
    7.296446433158188e-12
  ]
}