{
  "row": {
    "input_mean": [
      3.9568178594739933e-11
    ],
    "input_std": [
      6.513291989085346e-11
    ],
    "target_mean": [
      5.983862710889909e-11
    ],
    "target_std": [
      1.7211300440411748e-10
    ]
  },
  "column": {
    "input_mean": [
      3.240274368265794e-12
    ],
    "input_std": [
      6.0777619916019265e-12
    ],
    "target_mean": [
      8.511208231254397e-12
    ],
    "target_std": [
      2.169991963896223e-11
    ]
  },
  "refinement": {
    "observation_mean": [
      -3.0579579226610015e-15,
      2.1135159323625724e-14
    ],
    "observation_std": [
      4.814803503810916e-12,
      4.77099392978686e-12
    ],
    "channel_mean": [
      -3.322346975168696e-15,
      6.790666102753041e-15
    ],
    "channel_std": [
      5.789862946720126e-12,
      5.7980235196319896e-12
    ]
  }
}