{
  "pilot_length": 16,
  "device": "mps",
  "best_epoch": 12,
  "epochs_completed": 20,
  "config": {
    "experiment_name": "cnn_baseline",
    "data_root": "data/ris_mmwave_v1",
    "output_root": "data/runs",
    "pilot_lengths": [
      16
    ],
    "device": "auto",
    "batch_size": 128,
    "num_workers": 0,
    "epochs": 60,
    "seed": 2026,
    "optimizer": {
      "lr": 0.001,
      "weight_decay": 0.0001
    },
    "early_stopping": {
      "patience": 8,
      "min_delta": 0.0
    },
    "model": {
      "conv_channels": [
        32,
        64,
        64
      ],
      "hidden_dim": 256,
      "dropout": 0.1
    },
    "plot_examples": 3
  },
  "dataset": {
    "bs_antennas": 16,
    "ris_elements": 32,
    "train_samples": 8000,
    "val_samples": 1000,
    "test_samples": 1000
  },
  "validation": {
    "cnn": {
      "count": 1000,
      "mse_mean": 1.090424355528183e-22,
      "mse_std": 2.359728271978599e-22,
      "nmse_mean": 1.00409540506373,
      "nmse_std": 0.02858753241535162,
      "nmse_db_mean": 0.01612308881787673,
      "nmse_db_std": 0.11680280228610544,
      "per_snr": {
        "0": {
          "count": 200,
          "mse_mean": 1.1367941333224213e-22,
          "nmse_mean": 1.0068289159119896,
          "nmse_db_mean": 0.02642099707329522
        },
        "5": {
          "count": 200,
          "mse_mean": 9.759823848746092e-23,
          "nmse_mean": 1.0062155092138148,
          "nmse_db_mean": 0.025250005164456583
        },
        "10": {
          "count": 200,
          "mse_mean": 1.2767274298479936e-22,
          "nmse_mean": 1.0024606480427982,
          "nmse_db_mean": 0.009825397785973557
        },
        "15": {
          "count": 200,
          "mse_mean": 1.0076715505013217e-22,
          "nmse_mean": 1.0007084675354267,
          "nmse_db_mean": 0.0019322690787638521
        },
        "20": {
          "count": 200,
          "mse_mean": 1.0549462790945692e-22,
          "nmse_mean": 1.004263484614621,
          "nmse_db_mean": 0.017186774986894415
        }
      }
    },
    "ls": {
      "count": 1000,
      "mse_mean": 1.1887287615769907e-20,
      "mse_std": 2.880945896514891e-20,
      "nmse_mean": 114.17332790379058,
      "nmse_std": 72.83334300804395,
      "nmse_db_mean": 19.769815729749162,
      "nmse_db_std": 2.6438129221372715,
      "per_snr": {
        "0": {
          "count": 200,
          "mse_mean": 1.7457008376718732e-20,
          "nmse_mean": 168.3533311942282,
          "nmse_db_mean": 21.664258472217924
        },
        "5": {
          "count": 200,
          "mse_mean": 1.0445886169349777e-20,
          "nmse_mean": 116.93057096666364,
          "nmse_db_mean": 20.0101445998893
        },
        "10": {
          "count": 200,
          "mse_mean": 1.2769083009662157e-20,
          "nmse_mean": 100.21902323524527,
          "nmse_db_mean": 19.35614474716476
        },
        "15": {
          "count": 200,
          "mse_mean": 8.570156809024887e-21,
          "nmse_mean": 89.890429591586,
          "nmse_db_mean": 18.813048044030534
        },
        "20": {
          "count": 200,
          "mse_mean": 1.0194303714093987e-20,
          "nmse_mean": 95.47328453122984,
          "nmse_db_mean": 19.00548278544329
        }
      }
    }
  },
  "test": {
    "cnn": {
      "count": 1000,
      "mse_mean": 8.989343099021631e-23,
      "mse_std": 1.819437984776526e-22,
      "nmse_mean": 1.0037214074507748,
      "nmse_std": 0.024052323343828137,
      "nmse_db_mean": 0.014893117801454425,
      "nmse_db_std": 0.10359514487008831,
      "per_snr": {
        "0": {
          "count": 200,
          "mse_mean": 9.431466304761314e-23,
          "nmse_mean": 1.00280421474571,
          "nmse_db_mean": 0.011050279221552247
        },
        "5": {
          "count": 200,
          "mse_mean": 1.0127213723768291e-22,
          "nmse_mean": 1.0033472265504626,
          "nmse_db_mean": 0.013281877595732454
        },
        "10": {
          "count": 200,
          "mse_mean": 1.0248061426115027e-22,
          "nmse_mean": 1.0045747438494321,
          "nmse_db_mean": 0.018983120711784564
        },
        "15": {
          "count": 200,
          "mse_mean": 6.892050257243883e-23,
          "nmse_mean": 1.0027641906227283,
          "nmse_db_mean": 0.010449096445462163
        },
        "20": {
          "count": 200,
          "mse_mean": 8.247923783219641e-23,
          "nmse_mean": 1.0051166614855402,
          "nmse_db_mean": 0.020701215032740698
        }
      }
    },
    "ls": {
      "count": 1000,
      "mse_mean": 1.0223937326440305e-20,
      "mse_std": 3.0136169505569345e-20,
      "nmse_mean": 114.61855571828113,
      "nmse_std": 74.76918202209974,
      "nmse_db_mean": 19.764683929913545,
      "nmse_db_std": 2.677625752809182,
      "per_snr": {
        "0": {
          "count": 200,
          "mse_mean": 1.3695366205839426e-20,
          "nmse_mean": 173.66359037771537,
          "nmse_db_mean": 21.778103281134005
        },
        "5": {
          "count": 200,
          "mse_mean": 1.298958438932675e-20,
          "nmse_mean": 116.37656974614383,
          "nmse_db_mean": 19.962500141985434
        },
        "10": {
          "count": 200,
          "mse_mean": 1.0085775808554282e-20,
          "nmse_mean": 97.5991141835321,
          "nmse_db_mean": 19.2959615864471
        },
        "15": {
          "count": 200,
          "mse_mean": 5.647392683031628e-21,
          "nmse_mean": 93.08948232148265,
          "nmse_db_mean": 18.938555478778788
        },
        "20": {
          "count": 200,
          "mse_mean": 8.701567545449436e-21,
          "nmse_mean": 92.36402196253177,
          "nmse_db_mean": 18.8482991612224
        }
      }
    }
  }
}