{
  "observation_mean": [
    -3.170174329820909e-15,
    1.843969126832457e-15
  ],
  "observation_std": [
    9.999999974752427e-07,
    9.999999974752427e-07
  ],
  "channel_mean": [
    -4.153602610291405e-16,
    -6.153466933456154e-15
  ],
  "channel_std": [
    9.999999974752427e-07,
    9.999999974752427e-07
  ]
}