{
  "pilot_length": 24,
  "device": "mps",
  "best_epoch": 19,
  "epochs_completed": 27,
  "config": {
    "experiment_name": "cnn_baseline",
    "data_root": "data/ris_mmwave_v1",
    "output_root": "data/runs",
    "pilot_lengths": [
      8,
      12,
      16,
      24,
      32
    ],
    "device": "auto",
    "batch_size": 128,
    "num_workers": 0,
    "epochs": 60,
    "seed": 2026,
    "optimizer": {
      "lr": 0.001,
      "weight_decay": 0.0001
    },
    "early_stopping": {
      "patience": 8,
      "min_delta": 0.0
    },
    "model": {
      "conv_channels": [
        32,
        64,
        64
      ],
      "hidden_dim": 256,
      "dropout": 0.1
    },
    "plot_examples": 3
  },
  "dataset": {
    "bs_antennas": 16,
    "ris_elements": 32,
    "train_samples": 8000,
    "val_samples": 1000,
    "test_samples": 1000
  },
  "validation": {
    "cnn": {
      "count": 1000,
      "mse_mean": 1.500286333323473e-23,
      "mse_std": 3.3071125123619544e-23,
      "nmse_mean": 0.15168606071857585,
      "nmse_std": 0.09504869863924932,
      "nmse_db_mean": -8.99709476390839,
      "nmse_db_std": 2.6693158521228852,
      "per_snr": {
        "0": {
          "count": 200,
          "mse_mean": 1.6593833152268645e-23,
          "nmse_mean": 0.1853227330533536,
          "nmse_db_mean": -7.917980541967609
        },
        "5": {
          "count": 200,
          "mse_mean": 1.8290002273606956e-23,
          "nmse_mean": 0.15539847828280767,
          "nmse_db_mean": -8.872639920333198
        },
        "10": {
          "count": 200,
          "mse_mean": 1.550774859867297e-23,
          "nmse_mean": 0.14110930919027617,
          "nmse_db_mean": -9.275756162268614
        },
        "15": {
          "count": 200,
          "mse_mean": 1.179834811302096e-23,
          "nmse_mean": 0.13741553915599486,
          "nmse_db_mean": -9.451229227084676
        },
        "20": {
          "count": 200,
          "mse_mean": 1.2824384528604112e-23,
          "nmse_mean": 0.13918424391044693,
          "nmse_db_mean": -9.467867967887845
        }
      }
    },
    "ls": {
      "count": 1000,
      "mse_mean": 4.626804321252572e-21,
      "mse_std": 1.4831756599699355e-20,
      "nmse_mean": 29.783116268407948,
      "nmse_std": 23.46491840678856,
      "nmse_db_mean": 13.811392698014808,
      "nmse_db_std": 2.6757843030447677,
      "per_snr": {
        "0": {
          "count": 200,
          "mse_mean": 5.739023275862202e-21,
          "nmse_mean": 44.942228721715374,
          "nmse_db_mean": 15.78507056495767
        },
        "5": {
          "count": 200,
          "mse_mean": 5.787600188718898e-21,
          "nmse_mean": 29.00089317841811,
          "nmse_db_mean": 13.895273241083405
        },
        "10": {
          "count": 200,
          "mse_mean": 4.5444797859019014e-21,
          "nmse_mean": 27.145083302030187,
          "nmse_db_mean": 13.409374482927417
        },
        "15": {
          "count": 200,
          "mse_mean": 3.2179060372425755e-21,
          "nmse_mean": 23.758443248750964,
          "nmse_db_mean": 13.015435652672464
        },
        "20": {
          "count": 200,
          "mse_mean": 3.84501231853728e-21,
          "nmse_mean": 24.068932891125105,
          "nmse_db_mean": 12.951809548433085
        }
      }
    }
  },
  "test": {
    "cnn": {
      "count": 1000,
      "mse_mean": 1.5464887188560396e-23,
      "mse_std": 3.4471762338857836e-23,
      "nmse_mean": 0.16791858233658355,
      "nmse_std": 0.11226108332099566,
      "nmse_db_mean": -8.637442783929693,
      "nmse_db_std": 2.8168156364827266,
      "per_snr": {
        "0": {
          "count": 200,
          "mse_mean": 2.3082771092513155e-23,
          "nmse_mean": 0.19495341526268156,
          "nmse_db_mean": -7.668106697050259
        },
        "5": {
          "count": 200,
          "mse_mean": 1.3360768572196872e-23,
          "nmse_mean": 0.17649465646072926,
          "nmse_db_mean": -8.476844252151807
        },
        "10": {
          "count": 200,
          "mse_mean": 1.4160196851529915e-23,
          "nmse_mean": 0.15748794458977725,
          "nmse_db_mean": -9.005939219220028
        },
        "15": {
          "count": 200,
          "mse_mean": 1.2135570610695026e-23,
          "nmse_mean": 0.1612991511726514,
          "nmse_db_mean": -8.818312765084356
        },
        "20": {
          "count": 200,
          "mse_mean": 1.4585128815867002e-23,
          "nmse_mean": 0.14935774419707826,
          "nmse_db_mean": -9.218010986142014
        }
      }
    },
    "ls": {
      "count": 1000,
      "mse_mean": 5.230819338281451e-21,
      "mse_std": 1.67919860918871e-20,
      "nmse_mean": 29.442677701830306,
      "nmse_std": 26.547035527321256,
      "nmse_db_mean": 13.615144104025712,
      "nmse_db_std": 2.79974150294937,
      "per_snr": {
        "0": {
          "count": 200,
          "mse_mean": 1.0532414038144256e-20,
          "nmse_mean": 51.60596291956657,
          "nmse_db_mean": 16.131073605154757
        },
        "5": {
          "count": 200,
          "mse_mean": 3.492958765591522e-21,
          "nmse_mean": 28.41599005462397,
          "nmse_db_mean": 13.863560899032258
        },
        "10": {
          "count": 200,
          "mse_mean": 4.156496005252447e-21,
          "nmse_mean": 22.896016030424708,
          "nmse_db_mean": 12.90945723461347
        },
        "15": {
          "count": 200,
          "mse_mean": 3.818530875334982e-21,
          "nmse_mean": 20.33775754491472,
          "nmse_db_mean": 12.350092537618144
        },
        "20": {
          "count": 200,
          "mse_mean": 4.1536970070840475e-21,
          "nmse_mean": 23.957661959621575,
          "nmse_db_mean": 12.821536243709932
        }
      }
    }
  }
}