{
  "pilot_length": 12,
  "device": "mps",
  "best_epoch": 36,
  "epochs_completed": 44,
  "config": {
    "experiment_name": "cnn_baseline",
    "data_root": "data/ris_mmwave_v1",
    "output_root": "data/runs",
    "pilot_lengths": [
      8,
      12,
      16,
      24,
      32
    ],
    "device": "auto",
    "batch_size": 128,
    "num_workers": 0,
    "epochs": 60,
    "seed": 2026,
    "optimizer": {
      "lr": 0.001,
      "weight_decay": 0.0001
    },
    "early_stopping": {
      "patience": 8,
      "min_delta": 0.0
    },
    "model": {
      "conv_channels": [
        32,
        64,
        64
      ],
      "hidden_dim": 256,
      "dropout": 0.1
    },
    "plot_examples": 3
  },
  "dataset": {
    "bs_antennas": 16,
    "ris_elements": 32,
    "train_samples": 8000,
    "val_samples": 1000,
    "test_samples": 1000
  },
  "validation": {
    "cnn": {
      "count": 1000,
      "mse_mean": 1.5036882890214118e-23,
      "mse_std": 5.264503585662214e-23,
      "nmse_mean": 0.15404206269713286,
      "nmse_std": 0.11189437622783233,
      "nmse_db_mean": -9.120467391788178,
      "nmse_db_std": 2.955690238073966,
      "per_snr": {
        "0": {
          "count": 200,
          "mse_mean": 1.948992914328156e-23,
          "nmse_mean": 0.2234185664215952,
          "nmse_db_mean": -7.043626893147009
        },
        "5": {
          "count": 200,
          "mse_mean": 1.9119797374223962e-23,
          "nmse_mean": 0.14851846928456391,
          "nmse_db_mean": -9.132378836441573
        },
        "10": {
          "count": 200,
          "mse_mean": 1.2873432459566773e-23,
          "nmse_mean": 0.1267952884151176,
          "nmse_db_mean": -9.928130259262993
        },
        "15": {
          "count": 200,
          "mse_mean": 1.043120846054118e-23,
          "nmse_mean": 0.14296288593889328,
          "nmse_db_mean": -9.395560846120627
        },
        "20": {
          "count": 200,
          "mse_mean": 1.3270047013457104e-23,
          "nmse_mean": 0.12851510342549435,
          "nmse_db_mean": -10.102640123968685
        }
      }
    },
    "ls": {
      "count": 1000,
      "mse_mean": 7.002523159637497e-20,
      "mse_std": 2.5391763172621015e-19,
      "nmse_mean": 563.1708417788914,
      "nmse_std": 298.8273222784413,
      "nmse_db_mean": 26.93202363625695,
      "nmse_db_std": 2.2902184389069857,
      "per_snr": {
        "0": {
          "count": 200,
          "mse_mean": 9.494361488186326e-20,
          "nmse_mean": 905.2335098018317,
          "nmse_db_mean": 29.17992962481407
        },
        "5": {
          "count": 200,
          "mse_mean": 9.614422256628133e-20,
          "nmse_mean": 588.0840364399795,
          "nmse_db_mean": 27.30574787586308
        },
        "10": {
          "count": 200,
          "mse_mean": 6.945123893335488e-20,
          "nmse_mean": 465.2583966341619,
          "nmse_db_mean": 26.30739037378724
        },
        "15": {
          "count": 200,
          "mse_mean": 3.5699199179088084e-20,
          "nmse_mean": 433.3730244900354,
          "nmse_db_mean": 25.987348651248503
        },
        "20": {
          "count": 200,
          "mse_mean": 5.388788242128726e-20,
          "nmse_mean": 423.9052415284485,
          "nmse_db_mean": 25.87970165557184
        }
      }
    }
  },
  "test": {
    "cnn": {
      "count": 1000,
      "mse_mean": 1.2758591311035365e-23,
      "mse_std": 3.421460664869838e-23,
      "nmse_mean": 0.15020511346071933,
      "nmse_std": 0.10651534067387508,
      "nmse_db_mean": -9.237572035175711,
      "nmse_db_std": 2.979082784359359,
      "per_snr": {
        "0": {
          "count": 200,
          "mse_mean": 1.6282301211878592e-23,
          "nmse_mean": 0.23056163089069392,
          "nmse_db_mean": -6.929979832542749
        },
        "5": {
          "count": 200,
          "mse_mean": 1.1360128174950664e-23,
          "nmse_mean": 0.1555672914961626,
          "nmse_db_mean": -8.808933402120944
        },
        "10": {
          "count": 200,
          "mse_mean": 1.1115560626841102e-23,
          "nmse_mean": 0.12633723782725234,
          "nmse_db_mean": -9.950266434231956
        },
        "15": {
          "count": 200,
          "mse_mean": 1.4857460528426228e-23,
          "nmse_mean": 0.11860434534174769,
          "nmse_db_mean": -10.324147156980066
        },
        "20": {
          "count": 200,
          "mse_mean": 1.0177506013080238e-23,
          "nmse_mean": 0.11995506174774018,
          "nmse_db_mean": -10.174533350002847
        }
      }
    },
    "ls": {
      "count": 1000,
      "mse_mean": 5.452852999474832e-20,
      "mse_std": 1.2665398691908385e-19,
      "nmse_mean": 557.067445672221,
      "nmse_std": 287.5508115189104,
      "nmse_db_mean": 26.912204408492332,
      "nmse_db_std": 2.2287831967455496,
      "per_snr": {
        "0": {
          "count": 200,
          "mse_mean": 6.877308662664377e-20,
          "nmse_mean": 889.3630509474772,
          "nmse_db_mean": 29.128564903966208
        },
        "5": {
          "count": 200,
          "mse_mean": 5.526985578029619e-20,
          "nmse_mean": 571.8237935190346,
          "nmse_db_mean": 27.24888793073129
        },
        "10": {
          "count": 200,
          "mse_mean": 5.029992415442687e-20,
          "nmse_mean": 458.52962926977926,
          "nmse_db_mean": 26.17744144833081
        },
        "15": {
          "count": 200,
          "mse_mean": 6.038054033735008e-20,
          "nmse_mean": 443.5286270851524,
          "nmse_db_mean": 26.13183662998841
        },
        "20": {
          "count": 200,
          "mse_mean": 3.7919243075024685e-20,
          "nmse_mean": 422.0921275396616,
          "nmse_db_mean": 25.87429112944496
        }
      }
    }
  }
}