{
  "observation_mean": [
    -6.169381411985642e-15,
    1.026843303583106e-14
  ],
  "observation_std": [
    4.278366723398097e-12,
    4.264097321765581e-12
  ],
  "channel_mean": [
    -9.699111698795344e-16,
    4.9684593699179155e-15
  ],
  "channel_std": [
    7.172068928334996e-12,
    7.169903559756108e-12
  ]
}