{
  "pilot_length": 32,
  "device": "mps",
  "best_epoch": 20,
  "epochs_completed": 28,
  "config": {
    "experiment_name": "cnn_baseline",
    "data_root": "data/ris_mmwave_v1",
    "output_root": "data/runs",
    "pilot_lengths": [
      8,
      12,
      16,
      24,
      32
    ],
    "device": "auto",
    "batch_size": 128,
    "num_workers": 0,
    "epochs": 60,
    "seed": 2026,
    "optimizer": {
      "lr": 0.001,
      "weight_decay": 0.0001
    },
    "early_stopping": {
      "patience": 8,
      "min_delta": 0.0
    },
    "model": {
      "conv_channels": [
        32,
        64,
        64
      ],
      "hidden_dim": 256,
      "dropout": 0.1
    },
    "plot_examples": 3
  },
  "dataset": {
    "bs_antennas": 16,
    "ris_elements": 32,
    "train_samples": 8000,
    "val_samples": 1000,
    "test_samples": 1000
  },
  "validation": {
    "cnn": {
      "count": 1000,
      "mse_mean": 2.031464618740319e-23,
      "mse_std": 1.110324491342947e-22,
      "nmse_mean": 0.1923438426744121,
      "nmse_std": 0.11529497666206479,
      "nmse_db_mean": -7.962116528858908,
      "nmse_db_std": 2.7001433291632626,
      "per_snr": {
        "0": {
          "count": 200,
          "mse_mean": 3.58548468686764e-23,
          "nmse_mean": 0.19690957724868852,
          "nmse_db_mean": -7.821329589413768
        },
        "5": {
          "count": 200,
          "mse_mean": 2.185402770288803e-23,
          "nmse_mean": 0.1895760111829776,
          "nmse_db_mean": -7.945029367511991
        },
        "10": {
          "count": 200,
          "mse_mean": 1.5112780366556565e-23,
          "nmse_mean": 0.18496219210747797,
          "nmse_db_mean": -8.08127512401397
        },
        "15": {
          "count": 200,
          "mse_mean": 1.2052259825373763e-23,
          "nmse_mean": 0.19962881887873557,
          "nmse_db_mean": -7.910210761591075
        },
        "20": {
          "count": 200,
          "mse_mean": 1.669931617352117e-23,
          "nmse_mean": 0.1906426139541807,
          "nmse_db_mean": -8.052737801763733
        }
      }
    },
    "ls": {
      "count": 1000,
      "mse_mean": 6.478979910831352e-23,
      "mse_std": 6.397744407333041e-22,
      "nmse_mean": 0.4234454291369922,
      "nmse_std": 0.5507380680108022,
      "nmse_db_mean": -8.435009315958483,
      "nmse_db_std": 7.109616813888594,
      "per_snr": {
        "0": {
          "count": 200,
          "mse_mean": 2.4718218186043215e-22,
          "nmse_mean": 1.4464267227263121,
          "nmse_db_mean": 1.5278282043335742
        },
        "5": {
          "count": 200,
          "mse_mean": 5.744058772413426e-23,
          "nmse_mean": 0.465005499960255,
          "nmse_db_mean": -3.393507919591683
        },
        "10": {
          "count": 200,
          "mse_mean": 1.3766610644297626e-23,
          "nmse_mean": 0.1449255705206892,
          "nmse_db_mean": -8.448667505012926
        },
        "15": {
          "count": 200,
          "mse_mean": 4.1515869362628944e-24,
          "nmse_mean": 0.04642756664680962,
          "nmse_db_mean": -13.396645401330524
        },
        "20": {
          "count": 200,
          "mse_mean": 1.4080283764406628e-24,
          "nmse_mean": 0.014441785830894935,
          "nmse_db_mean": -18.46405395819086
        }
      }
    }
  },
  "test": {
    "cnn": {
      "count": 1000,
      "mse_mean": 1.962703345528221e-23,
      "mse_std": 5.2033567143614214e-23,
      "nmse_mean": 0.19057794114043902,
      "nmse_std": 0.11411825419492343,
      "nmse_db_mean": -8.00078247340933,
      "nmse_db_std": 2.69738824510808,
      "per_snr": {
        "0": {
          "count": 200,
          "mse_mean": 1.9501909276199242e-23,
          "nmse_mean": 0.20985178633884152,
          "nmse_db_mean": -7.483301816806093
        },
        "5": {
          "count": 200,
          "mse_mean": 1.9937426116269338e-23,
          "nmse_mean": 0.18677653774138542,
          "nmse_db_mean": -8.01360229490048
        },
        "10": {
          "count": 200,
          "mse_mean": 1.6449359020550353e-23,
          "nmse_mean": 0.18386033420874867,
          "nmse_db_mean": -8.2005793299937
        },
        "15": {
          "count": 200,
          "mse_mean": 2.4883205038763197e-23,
          "nmse_mean": 0.1831736643480527,
          "nmse_db_mean": -8.17178714267932
        },
        "20": {
          "count": 200,
          "mse_mean": 1.7363267824628922e-23,
          "nmse_mean": 0.1892273830651668,
          "nmse_db_mean": -8.134641782667062
        }
      }
    },
    "ls": {
      "count": 1000,
      "mse_mean": 5.041531877686554e-23,
      "mse_std": 1.646127042649531e-22,
      "nmse_mean": 0.42657232088198227,
      "nmse_std": 0.5573812533227522,
      "nmse_db_mean": -8.447909058789461,
      "nmse_db_std": 7.131736164236843,
      "per_snr": {
        "0": {
          "count": 200,
          "mse_mean": 1.7253085691812471e-22,
          "nmse_mean": 1.4694874943235834,
          "nmse_db_mean": 1.6082337056102805
        },
        "5": {
          "count": 200,
          "mse_mean": 5.488630935266915e-23,
          "nmse_mean": 0.4597578046964527,
          "nmse_db_mean": -3.4339210103988353
        },
        "10": {
          "count": 200,
          "mse_mean": 1.4914221119850736e-23,
          "nmse_mean": 0.1435143607200317,
          "nmse_db_mean": -8.489173011866615
        },
        "15": {
          "count": 200,
          "mse_mean": 8.03039204853961e-24,
          "nmse_mean": 0.045640712213773374,
          "nmse_db_mean": -13.464085194368714
        },
        "20": {
          "count": 200,
          "mse_mean": 1.7148144451434854e-24,
          "nmse_mean": 0.014461232456069792,
          "nmse_db_mean": -18.460599782923424
        }
      }
    }
  }
}