{
  "row": {
    "input_mean": [
      4.6631958711129684e-11
    ],
    "input_std": [
      7.480555758165863e-11
    ],
    "target_mean": [
      5.973820743632174e-11
    ],
    "target_std": [
      1.6980078454409409e-10
    ]
  },
  "column": {
    "input_mean": [
      3.827885924900798e-12
    ],
    "input_std": [
      6.595301995510061e-12
    ],
    "target_mean": [
      8.505550430637498e-12
    ],
    "target_std": [
      2.126502619825832e-11
    ]
  },
  "refinement": {
    "observation_mean": [
      -6.169381411985642e-15,
      1.026843303583106e-14
    ],
    "observation_std": [
      4.278366723398097e-12,
      4.264097321765581e-12
    ],
    "channel_mean": [
      -9.699113816377712e-16,
      4.9684593699179155e-15
    ],
    "channel_std": [
      5.049750981950263e-12,
      5.046648862694347e-12
    ]
  }
}