{
  "row": {
    "input_mean": [
      5.952583564949876e-11
    ],
    "input_std": [
      9.461832706225692e-11
    ],
    "target_mean": [
      6.02341371225279e-11
    ],
    "target_std": [
      1.6875242869751617e-10
    ]
  },
  "column": {
    "input_mean": [
      4.898876009712394e-12
    ],
    "input_std": [
      7.988689570970209e-12
    ],
    "target_mean": [
      8.581833160770103e-12
    ],
    "target_std": [
      2.135689715354605e-11
    ]
  }
}