{
  "observation_mean": [
    -3.051618135160687e-14,
    9.708943210214125e-15
  ],
  "observation_std": [
    8.202637354071118e-12,
    8.185585889664004e-12
  ],
  "channel_mean": [
    -5.473011273850648e-16,
    4.016120322045645e-15
  ],
  "channel_std": [
    7.286286157759392e-12,
    7.281699548888909e-12
  ]
}