{
  "row": {
    "input_mean": [
      9.903097786256865e-11
    ],
    "input_std": [
      1.9698813413793204e-10
    ],
    "target_mean": [
      5.977650319177741e-11
    ],
    "target_std": [
      1.7355496206850063e-10
    ]
  },
  "column": {
    "input_mean": [
      8.017126025550159e-12
    ],
    "input_std": [
      1.7909961708140187e-11
    ],
    "target_mean": [
      8.51034433896336e-12
    ],
    "target_std": [
      2.1727616233979674e-11
    ]
  }
}