{
  "pilot_length": 32,
  "device": "cpu",
  "best_epoch": 36,
  "epochs_completed": 44,
  "config": {
    "experiment_name": "cnn_ls_refine",
    "data_root": "data/ris_mmwave_v1",
    "output_root": "data/runs",
    "pilot_lengths": [
      32
    ],
    "input_representation": "ls_estimate",
    "device": "auto",
    "batch_size": 128,
    "num_workers": 0,
    "epochs": 60,
    "seed": 2026,
    "optimizer": {
      "lr": 0.001,
      "weight_decay": 0.0001
    },
    "early_stopping": {
      "patience": 8,
      "min_delta": 0.0
    },
    "model": {
      "conv_channels": [
        32,
        64,
        64
      ],
      "hidden_dim": 256,
      "dropout": 0.1
    },
    "plot_examples": 3
  },
  "dataset": {
    "bs_antennas": 16,
    "ris_elements": 32,
    "train_samples": 8000,
    "val_samples": 1000,
    "test_samples": 1000
  },
  "validation": {
    "cnn": {
      "count": 1000,
      "mse_mean": 9.750650268513879e-24,
      "mse_std": 5.80190224196573e-23,
      "nmse_mean": 0.09670151143261654,
      "nmse_std": 0.10544363514983168,
      "nmse_db_mean": -11.267810400375009,
      "nmse_db_std": 2.8637961767237146,
      "per_snr": {
        "0": {
          "count": 200,
          "mse_mean": 1.9827239097509346e-23,
          "nmse_mean": 0.10837993985258111,
          "nmse_db_mean": -10.375577457614646
        },
        "5": {
          "count": 200,
          "mse_mean": 9.845083858806395e-24,
          "nmse_mean": 0.09509913268685773,
          "nmse_db_mean": -11.33130738812454
        },
        "10": {
          "count": 200,
          "mse_mean": 6.827088576897926e-24,
          "nmse_mean": 0.08261964661175425,
          "nmse_db_mean": -11.679223890991707
        },
        "15": {
          "count": 200,
          "mse_mean": 5.211524357600356e-24,
          "nmse_mean": 0.10368570897948226,
          "nmse_db_mean": -11.385817985876516
        },
        "20": {
          "count": 200,
          "mse_mean": 7.042315451755378e-24,
          "nmse_mean": 0.09372312903240734,
          "nmse_db_mean": -11.567125279267634
        }
      }
    },
    "ls": {
      "count": 1000,
      "mse_mean": 6.478979910831352e-23,
      "mse_std": 6.397744407333041e-22,
      "nmse_mean": 0.4234454291369922,
      "nmse_std": 0.5507380680108022,
      "nmse_db_mean": -8.435009315958483,
      "nmse_db_std": 7.109616813888594,
      "per_snr": {
        "0": {
          "count": 200,
          "mse_mean": 2.4718218186043215e-22,
          "nmse_mean": 1.4464267227263121,
          "nmse_db_mean": 1.5278282043335742
        },
        "5": {
          "count": 200,
          "mse_mean": 5.744058772413426e-23,
          "nmse_mean": 0.465005499960255,
          "nmse_db_mean": -3.393507919591683
        },
        "10": {
          "count": 200,
          "mse_mean": 1.3766610644297626e-23,
          "nmse_mean": 0.1449255705206892,
          "nmse_db_mean": -8.448667505012926
        },
        "15": {
          "count": 200,
          "mse_mean": 4.1515869362628944e-24,
          "nmse_mean": 0.04642756664680962,
          "nmse_db_mean": -13.396645401330524
        },
        "20": {
          "count": 200,
          "mse_mean": 1.4080283764406628e-24,
          "nmse_mean": 0.014441785830894935,
          "nmse_db_mean": -18.46405395819086
        }
      }
    }
  },
  "test": {
    "cnn": {
      "count": 1000,
      "mse_mean": 9.728309048978941e-24,
      "mse_std": 3.0677880401108784e-23,
      "nmse_mean": 0.09888881156285972,
      "nmse_std": 0.1731678769523525,
      "nmse_db_mean": -11.296593093218043,
      "nmse_db_std": 2.8578427616508724,
      "per_snr": {
        "0": {
          "count": 200,
          "mse_mean": 1.1268989770575416e-23,
          "nmse_mean": 0.13011718530260133,
          "nmse_db_mean": -10.122334109321898
        },
        "5": {
          "count": 200,
          "mse_mean": 9.103518974613944e-24,
          "nmse_mean": 0.09429848374245829,
          "nmse_db_mean": -11.191633473481684
        },
        "10": {
          "count": 200,
          "mse_mean": 7.732575094335685e-24,
          "nmse_mean": 0.09469753322265373,
          "nmse_db_mean": -11.55100170099933
        },
        "15": {
          "count": 200,
          "mse_mean": 1.2897976156236828e-23,
          "nmse_mean": 0.09365034491004508,
          "nmse_db_mean": -11.787197427017563
        },
        "20": {
          "count": 200,
          "mse_mean": 7.638485249132834e-24,
          "nmse_mean": 0.08168051063654021,
          "nmse_db_mean": -11.830798755269743
        }
      }
    },
    "ls": {
      "count": 1000,
      "mse_mean": 5.041531877686554e-23,
      "mse_std": 1.646127042649531e-22,
      "nmse_mean": 0.42657232088198227,
      "nmse_std": 0.5573812533227522,
      "nmse_db_mean": -8.447909058789461,
      "nmse_db_std": 7.131736164236843,
      "per_snr": {
        "0": {
          "count": 200,
          "mse_mean": 1.7253085691812471e-22,
          "nmse_mean": 1.4694874943235834,
          "nmse_db_mean": 1.6082337056102805
        },
        "5": {
          "count": 200,
          "mse_mean": 5.488630935266915e-23,
          "nmse_mean": 0.4597578046964527,
          "nmse_db_mean": -3.4339210103988353
        },
        "10": {
          "count": 200,
          "mse_mean": 1.4914221119850736e-23,
          "nmse_mean": 0.1435143607200317,
          "nmse_db_mean": -8.489173011866615
        },
        "15": {
          "count": 200,
          "mse_mean": 8.03039204853961e-24,
          "nmse_mean": 0.045640712213773374,
          "nmse_db_mean": -13.464085194368714
        },
        "20": {
          "count": 200,
          "mse_mean": 1.7148144451434854e-24,
          "nmse_mean": 0.014461232456069792,
          "nmse_db_mean": -18.460599782923424
        }
      }
    }
  }
}