{
  "row": {
    "input_mean": [
      5.952583564949876e-11
    ],
    "input_std": [
      9.461832706225692e-11
    ],
    "target_mean": [
      6.02341371225279e-11
    ],
    "target_std": [
      1.6875242869751617e-10
    ]
  },
  "column": {
    "input_mean": [
      4.898876009712394e-12
    ],
    "input_std": [
      7.988689570970209e-12
    ],
    "target_mean": [
      8.581833160770103e-12
    ],
    "target_std": [
      2.135689715354605e-11
    ]
  },
  "refinement": {
    "observation_mean": [
      -3.170174329820909e-15,
      1.843969126832457e-15
    ],
    "observation_std": [
      4.461002314076756e-12,
      4.477057179846922e-12
    ],
    "channel_mean": [
      -5.864770894098458e-16,
      -5.881923417159476e-15
    ],
    "channel_std": [
      4.726911570496206e-12,
      4.721554310721521e-12
    ]
  }
}