{
  "pilot_length": 12,
  "device": "mps",
  "best_epoch": 13,
  "best_row_epoch": 1,
  "best_column_epoch": 13,
  "row_epochs_completed": 9,
  "column_epochs_completed": 21,
  "config": {
    "experiment_name": "support_cnn_baseline_support",
    "data_root": "data/dataset_large",
    "output_root": "data/runs",
    "pilot_lengths": [
      8,
      12,
      16,
      24,
      32
    ],
    "device": "auto",
    "batch_size": 128,
    "num_workers": 0,
    "epochs": 60,
    "seed": 2026,
    "optimizer": {
      "lr": 0.001,
      "weight_decay": 0.0001
    },
    "early_stopping": {
      "patience": 8,
      "min_delta": 0.0
    },
    "model": {
      "conv_channels": [
        32,
        64,
        64
      ],
      "hidden_dim": 256,
      "dropout": 0.1
    },
    "plot_examples": 3
  },
  "angular_metadata": {
    "bs_rows": 4,
    "bs_cols": 4,
    "ris_rows": 4,
    "ris_cols": 8,
    "row_support_count": 3,
    "col_support_count": 2
  },
  "dataset": {
    "bs_antennas": 16,
    "ris_elements": 32,
    "train_samples": 8000,
    "val_samples": 1000,
    "test_samples": 1000
  },
  "validation": {
    "cnn": {
      "count": 1000,
      "mse_mean": 6.171066712171248e-23,
      "mse_std": 3.2398457266189965e-22,
      "nmse_mean": 0.5064904852790341,
      "nmse_std": 0.2537011059966416,
      "nmse_db_mean": -3.5357112745569212,
      "nmse_db_std": 2.375240850964789,
      "per_snr": {
        "0": {
          "count": 200,
          "mse_mean": 5.671761808452677e-23,
          "nmse_mean": 0.6097855371808525,
          "nmse_db_mean": -2.634894770733506
        },
        "5": {
          "count": 200,
          "mse_mean": 9.536894491958334e-23,
          "nmse_mean": 0.5145731831248139,
          "nmse_db_mean": -3.463600067643698
        },
        "10": {
          "count": 200,
          "mse_mean": 6.153330564151515e-23,
          "nmse_mean": 0.4783240917291897,
          "nmse_db_mean": -3.73962501824192
        },
        "15": {
          "count": 200,
          "mse_mean": 3.4876895009173705e-23,
          "nmse_mean": 0.4621430274606574,
          "nmse_db_mean": -3.950111382185531
        },
        "20": {
          "count": 200,
          "mse_mean": 6.005657195376344e-23,
          "nmse_mean": 0.46762658689965647,
          "nmse_db_mean": -3.89032513397995
        }
      }
    },
    "ls": {
      "count": 1000,
      "mse_mean": 7.002523159637497e-20,
      "mse_std": 2.5391763172621015e-19,
      "nmse_mean": 563.1708417788914,
      "nmse_std": 298.8273222784413,
      "nmse_db_mean": 26.93202363625695,
      "nmse_db_std": 2.2902184389069857,
      "per_snr": {
        "0": {
          "count": 200,
          "mse_mean": 9.494361488186326e-20,
          "nmse_mean": 905.2335098018317,
          "nmse_db_mean": 29.17992962481407
        },
        "5": {
          "count": 200,
          "mse_mean": 9.614422256628133e-20,
          "nmse_mean": 588.0840364399795,
          "nmse_db_mean": 27.30574787586308
        },
        "10": {
          "count": 200,
          "mse_mean": 6.945123893335488e-20,
          "nmse_mean": 465.2583966341619,
          "nmse_db_mean": 26.30739037378724
        },
        "15": {
          "count": 200,
          "mse_mean": 3.5699199179088084e-20,
          "nmse_mean": 433.3730244900354,
          "nmse_db_mean": 25.987348651248503
        },
        "20": {
          "count": 200,
          "mse_mean": 5.388788242128726e-20,
          "nmse_mean": 423.9052415284485,
          "nmse_db_mean": 25.87970165557184
        }
      }
    }
  },
  "test": {
    "cnn": {
      "count": 1000,
      "mse_mean": 4.894902185758864e-23,
      "mse_std": 1.1677010066248112e-22,
      "nmse_mean": 0.5118612159397339,
      "nmse_std": 0.2684812166101424,
      "nmse_db_mean": -3.523592014389573,
      "nmse_db_std": 2.415670048806947,
      "per_snr": {
        "0": {
          "count": 200,
          "mse_mean": 4.543625394080435e-23,
          "nmse_mean": 0.6180804050712456,
          "nmse_db_mean": -2.5612366706354925
        },
        "5": {
          "count": 200,
          "mse_mean": 5.1395308885079996e-23,
          "nmse_mean": 0.5379161270165386,
          "nmse_db_mean": -3.245762535212301
        },
        "10": {
          "count": 200,
          "mse_mean": 5.312252255755526e-23,
          "nmse_mean": 0.45154133549212305,
          "nmse_db_mean": -4.067947337703324
        },
        "15": {
          "count": 200,
          "mse_mean": 5.332420159181537e-23,
          "nmse_mean": 0.46524887802703907,
          "nmse_db_mean": -4.000378127725793
        },
        "20": {
          "count": 200,
          "mse_mean": 4.146682231268826e-23,
          "nmse_mean": 0.4865193340917229,
          "nmse_db_mean": -3.742635400670954
        }
      }
    },
    "ls": {
      "count": 1000,
      "mse_mean": 5.452852999474832e-20,
      "mse_std": 1.2665398691908385e-19,
      "nmse_mean": 557.067445672221,
      "nmse_std": 287.5508115189104,
      "nmse_db_mean": 26.912204408492332,
      "nmse_db_std": 2.2287831967455496,
      "per_snr": {
        "0": {
          "count": 200,
          "mse_mean": 6.877308662664377e-20,
          "nmse_mean": 889.3630509474772,
          "nmse_db_mean": 29.128564903966208
        },
        "5": {
          "count": 200,
          "mse_mean": 5.526985578029619e-20,
          "nmse_mean": 571.8237935190346,
          "nmse_db_mean": 27.24888793073129
        },
        "10": {
          "count": 200,
          "mse_mean": 5.029992415442687e-20,
          "nmse_mean": 458.52962926977926,
          "nmse_db_mean": 26.17744144833081
        },
        "15": {
          "count": 200,
          "mse_mean": 6.038054033735008e-20,
          "nmse_mean": 443.5286270851524,
          "nmse_db_mean": 26.13183662998841
        },
        "20": {
          "count": 200,
          "mse_mean": 3.7919243075024685e-20,
          "nmse_mean": 422.0921275396616,
          "nmse_db_mean": 25.87429112944496
        }
      }
    }
  }
}