{
  "row": {
    "input_mean": [
      4.6631958711129684e-11
    ],
    "input_std": [
      7.480555758165863e-11
    ],
    "target_mean": [
      5.973820743632174e-11
    ],
    "target_std": [
      1.6980078454409409e-10
    ]
  },
  "column": {
    "input_mean": [
      3.827885924900798e-12
    ],
    "input_std": [
      6.595301995510061e-12
    ],
    "target_mean": [
      8.505550430637498e-12
    ],
    "target_std": [
      2.126502619825832e-11
    ]
  }
}