{
  "pilot_length": 16,
  "device": "mps",
  "best_epoch": 26,
  "epochs_completed": 34,
  "config": {
    "experiment_name": "cnn_baseline",
    "data_root": "data/ris_mmwave_v1",
    "output_root": "data/runs",
    "pilot_lengths": [
      16
    ],
    "device": "auto",
    "batch_size": 128,
    "num_workers": 0,
    "epochs": 60,
    "seed": 2026,
    "optimizer": {
      "lr": 0.001,
      "weight_decay": 0.0001
    },
    "early_stopping": {
      "patience": 8,
      "min_delta": 0.0
    },
    "model": {
      "conv_channels": [
        32,
        64,
        64
      ],
      "hidden_dim": 256,
      "dropout": 0.1
    },
    "plot_examples": 3
  },
  "dataset": {
    "bs_antennas": 16,
    "ris_elements": 32,
    "train_samples": 8000,
    "val_samples": 1000,
    "test_samples": 1000
  },
  "validation": {
    "cnn": {
      "count": 1000,
      "mse_mean": 1.3131368307144913e-23,
      "mse_std": 4.7825587857884927e-23,
      "nmse_mean": 0.13938808667659455,
      "nmse_std": 0.10000783247308657,
      "nmse_db_mean": -9.406259129577597,
      "nmse_db_std": 2.661615184079627,
      "per_snr": {
        "0": {
          "count": 200,
          "mse_mean": 1.8174830185051848e-23,
          "nmse_mean": 0.1859987198735913,
          "nmse_db_mean": -7.829142351678793
        },
        "5": {
          "count": 200,
          "mse_mean": 1.0850211279215913e-23,
          "nmse_mean": 0.13178548266648282,
          "nmse_db_mean": -9.525239667425488
        },
        "10": {
          "count": 200,
          "mse_mean": 1.1131766090248657e-23,
          "nmse_mean": 0.11116960457434281,
          "nmse_db_mean": -10.20384713761841
        },
        "15": {
          "count": 200,
          "mse_mean": 1.5066533768966437e-23,
          "nmse_mean": 0.1341357033894278,
          "nmse_db_mean": -9.665115457530224
        },
        "20": {
          "count": 200,
          "mse_mean": 1.0433500212241697e-23,
          "nmse_mean": 0.13385092287912806,
          "nmse_db_mean": -9.807951033635067
        }
      }
    },
    "ls": {
      "count": 1000,
      "mse_mean": 1.1887287615769907e-20,
      "mse_std": 2.880945896514891e-20,
      "nmse_mean": 114.17332790379058,
      "nmse_std": 72.83334300804395,
      "nmse_db_mean": 19.769815729749162,
      "nmse_db_std": 2.6438129221372715,
      "per_snr": {
        "0": {
          "count": 200,
          "mse_mean": 1.7457008376718732e-20,
          "nmse_mean": 168.3533311942282,
          "nmse_db_mean": 21.664258472217924
        },
        "5": {
          "count": 200,
          "mse_mean": 1.0445886169349777e-20,
          "nmse_mean": 116.93057096666364,
          "nmse_db_mean": 20.0101445998893
        },
        "10": {
          "count": 200,
          "mse_mean": 1.2769083009662157e-20,
          "nmse_mean": 100.21902323524527,
          "nmse_db_mean": 19.35614474716476
        },
        "15": {
          "count": 200,
          "mse_mean": 8.570156809024887e-21,
          "nmse_mean": 89.890429591586,
          "nmse_db_mean": 18.813048044030534
        },
        "20": {
          "count": 200,
          "mse_mean": 1.0194303714093987e-20,
          "nmse_mean": 95.47328453122984,
          "nmse_db_mean": 19.00548278544329
        }
      }
    }
  },
  "test": {
    "cnn": {
      "count": 1000,
      "mse_mean": 1.0582621652454853e-23,
      "mse_std": 3.2675985538558875e-23,
      "nmse_mean": 0.13468462392717975,
      "nmse_std": 0.08514327015623482,
      "nmse_db_mean": -9.502117910925358,
      "nmse_db_std": 2.633869575335301,
      "per_snr": {
        "0": {
          "count": 200,
          "mse_mean": 1.586010084895616e-23,
          "nmse_mean": 0.18030862777340714,
          "nmse_db_mean": -7.882768511233028
        },
        "5": {
          "count": 200,
          "mse_mean": 1.4166198812688765e-23,
          "nmse_mean": 0.1359698001522845,
          "nmse_db_mean": -9.28079925755867
        },
        "10": {
          "count": 200,
          "mse_mean": 8.891862464486531e-24,
          "nmse_mean": 0.11418510846783292,
          "nmse_db_mean": -10.147351999176715
        },
        "15": {
          "count": 200,
          "mse_mean": 6.2053435407659266e-24,
          "nmse_mean": 0.11933178909750104,
          "nmse_db_mean": -10.154873275243
        },
        "20": {
          "count": 200,
          "mse_mean": 7.789602595376881e-24,
          "nmse_mean": 0.12362779414487331,
          "nmse_db_mean": -10.044796511415376
        }
      }
    },
    "ls": {
      "count": 1000,
      "mse_mean": 1.0223937326440305e-20,
      "mse_std": 3.0136169505569345e-20,
      "nmse_mean": 114.61855571828113,
      "nmse_std": 74.76918202209974,
      "nmse_db_mean": 19.764683929913545,
      "nmse_db_std": 2.677625752809182,
      "per_snr": {
        "0": {
          "count": 200,
          "mse_mean": 1.3695366205839426e-20,
          "nmse_mean": 173.66359037771537,
          "nmse_db_mean": 21.778103281134005
        },
        "5": {
          "count": 200,
          "mse_mean": 1.298958438932675e-20,
          "nmse_mean": 116.37656974614383,
          "nmse_db_mean": 19.962500141985434
        },
        "10": {
          "count": 200,
          "mse_mean": 1.0085775808554282e-20,
          "nmse_mean": 97.5991141835321,
          "nmse_db_mean": 19.2959615864471
        },
        "15": {
          "count": 200,
          "mse_mean": 5.647392683031628e-21,
          "nmse_mean": 93.08948232148265,
          "nmse_db_mean": 18.938555478778788
        },
        "20": {
          "count": 200,
          "mse_mean": 8.701567545449436e-21,
          "nmse_mean": 92.36402196253177,
          "nmse_db_mean": 18.8482991612224
        }
      }
    }
  }
}