{
  "row": {
    "input_mean": [
      1.5932885566449784e-10
    ],
    "input_std": [
      2.4643129203916203e-10
    ],
    "target_mean": [
      6.017988191109325e-11
    ],
    "target_std": [
      1.720711351183013e-10
    ]
  },
  "column": {
    "input_mean": [
      1.2450637743022241e-11
    ],
    "input_std": [
      2.3358698655884247e-11
    ],
    "target_mean": [
      8.566701167889157e-12
    ],
    "target_std": [
      2.162809688288636e-11
    ]
  }
}